R^2;MAE;MSE;RMSE
-0.4661102251641909;23.9701;866.338641;29.43363112155889
