Class;Accuracy;Precision;Recall;F1
High-yielding;0.61;0.6341463414634146;0.52;0.5714285714285714
Not high-yielding;0.61;0.5932203389830508;0.7;0.6422018348623854
Macro-Average;0.61;0.6136833402232327;0.61;0.6068152031454783
Micro-Average;0.61;0.61;0.61;0.61
