R^2;MAE;MSE;RMSE
-0.19951429616875527;21.336900000000004;708.804541;26.623383349980145
