Class;Accuracy;Precision;Recall;F1
High-yielding;0.57;0.5686274509803921;0.58;0.5742574257425742
Not high-yielding;0.57;0.5714285714285714;0.56;0.5656565656565656
Macro-Average;0.57;0.5700280112044818;0.5700000000000001;0.5699569956995699
Micro-Average;0.57;0.57;0.57;0.57
