Class;Accuracy;Precision;Recall;F1
High-yielding;0.5;0.5;0.36;0.4186046511627907
Not high-yielding;0.5;0.5;0.64;0.5614035087719298
Macro-Average;0.5;0.5;0.5;0.4900040799673603
Micro-Average;0.5;0.5;0.5;0.5
