Class;Accuracy;Precision;Recall;F1
High-yielding;0.64;0.609375;0.78;0.6842105263157895
Not high-yielding;0.64;0.6944444444444444;0.5;0.5813953488372093
Macro-Average;0.64;0.6519097222222222;0.64;0.6328029375764994
Micro-Average;0.64;0.64;0.64;0.64
