Class;Accuracy;Precision;Recall;F1
High-yielding;0.97;0.9795918367346939;0.96;0.9696969696969697
Not high-yielding;0.97;0.9607843137254902;0.98;0.9702970297029703
Macro-Average;0.97;0.970188075230092;0.97;0.96999699969997
Micro-Average;0.97;0.97;0.97;0.97
