Class;Accuracy;Precision;Recall;F1
High-yielding;0.61;0.5753424657534246;0.84;0.6829268292682927
Not high-yielding;0.61;0.7037037037037037;0.38;0.4935064935064935
Macro-Average;0.61;0.6395230847285642;0.61;0.5882166613873931
Micro-Average;0.61;0.61;0.61;0.61
