Class;Accuracy;Precision;Recall;F1
High-yielding;0.41;0.3950617283950617;0.7619047619047619;0.5203252032520326
Not high-yielding;0.41;0.47368421052631576;0.15517241379310345;0.23376623376623376
Macro-Average;0.41;0.4343729694606887;0.45853858784893264;0.37704571850913315
Micro-Average;0.41;0.41;0.41;0.41
