Class;Accuracy;Precision;Recall;F1
High-yielding;0.56;0.5789473684210527;0.44;0.5
Not high-yielding;0.56;0.5483870967741935;0.68;0.6071428571428571
Macro-Average;0.56;0.5636672325976231;0.56;0.5535714285714286
Micro-Average;0.56;0.56;0.56;0.56
