Class;Accuracy;Precision;Recall;F1
High-yielding;0.53;0.5365853658536586;0.44;0.4835164835164835
Not high-yielding;0.53;0.5254237288135594;0.62;0.5688073394495413
Macro-Average;0.53;0.5310045473336089;0.53;0.5261619114830124
Micro-Average;0.53;0.53;0.53;0.53
