Class;Accuracy;Precision;Recall;F1
High-yielding;0.42;0.4090909090909091;0.36;0.3829787234042553
Not high-yielding;0.42;0.42857142857142855;0.48;0.4528301886792453
Macro-Average;0.42;0.41883116883116883;0.42;0.4179044560417503
Micro-Average;0.42;0.42;0.42;0.42
