Class;Accuracy;Precision;Recall;F1
High-yielding;0.53;0.5454545454545454;0.36;0.43373493975903615
Not high-yielding;0.53;0.5223880597014925;0.7;0.5982905982905983
Macro-Average;0.53;0.533921302578019;0.53;0.5160127690248172
Micro-Average;0.53;0.53;0.53;0.53
