Class;Accuracy;Precision;Recall;F1
High-yielding;0.52;0.44680851063829785;0.4883720930232558;0.4666666666666667
Not high-yielding;0.52;0.5849056603773585;0.543859649122807;0.5636363636363636
Macro-Average;0.52;0.5158570855078282;0.5161158710730314;0.5151515151515151
Micro-Average;0.52;0.52;0.52;0.52
