Class;Accuracy;Precision;Recall;F1
High-yielding;0.52;1.0;0.04;0.07692307692307693
Not high-yielding;0.52;0.5102040816326531;1.0;0.6756756756756757
Macro-Average;0.52;0.7551020408163265;0.52;0.37629937629937626
Micro-Average;0.52;0.52;0.52;0.52
