Class;Accuracy;Precision;Recall;F1
High-yielding;0.45;0.4444444444444444;0.4;0.42105263157894735
Not high-yielding;0.45;0.45454545454545453;0.5;0.47619047619047616
Macro-Average;0.45;0.4494949494949495;0.45;0.44862155388471175
Micro-Average;0.45;0.45;0.45;0.45
