Class;Accuracy;Precision;Recall;F1
High-yielding;0.66;0.7435897435897436;0.5471698113207547;0.6304347826086957
Not high-yielding;0.65;0.6111111111111112;0.7021276595744681;0.6534653465346535
Macro-Average;0.62;0.6773504273504274;0.6246487354476113;0.6419500645716746
Micro-Average;0.655;0.6666666666666666;0.62;0.6424870466321244
