Class;Accuracy;Precision;Recall;F1
High-yielding;0.48;0.47058823529411764;0.32;0.38095238095238093
Not high-yielding;0.48;0.48484848484848486;0.64;0.5517241379310345
Macro-Average;0.48;0.47771836007130125;0.48;0.4663382594417077
Micro-Average;0.48;0.48;0.48;0.48
