Class;Accuracy;Precision;Recall;F1
High-yielding;0.55;0.5362318840579711;0.74;0.6218487394957983
Not high-yielding;0.55;0.5806451612903226;0.36;0.4444444444444444
Macro-Average;0.55;0.5584385226741468;0.55;0.5331465919701214
Micro-Average;0.55;0.55;0.55;0.55
