Class;Accuracy;Precision;Recall;F1
High-yielding;0.53;0.5483870967741935;0.34;0.41975308641975306
Not high-yielding;0.53;0.5217391304347826;0.72;0.6050420168067226
Macro-Average;0.53;0.5350631136044881;0.53;0.5123975516132379
Micro-Average;0.53;0.53;0.53;0.53
