Class;Accuracy;Precision;Recall;F1
High-yielding;0.45;0.45901639344262296;0.56;0.5045045045045045
Not high-yielding;0.45;0.4358974358974359;0.34;0.38202247191011235
Macro-Average;0.45;0.44745691467002946;0.45000000000000007;0.44326348820730843
Micro-Average;0.45;0.45;0.45;0.45
