Class;Accuracy;Precision;Recall;F1
High-yielding;0.57;0.574468085106383;0.54;0.5567010309278351
Not high-yielding;0.57;0.5660377358490566;0.6;0.5825242718446602
Macro-Average;0.57;0.5702529104777199;0.5700000000000001;0.5696126513862476
Micro-Average;0.57;0.57;0.57;0.57
