Class;Accuracy;Precision;Recall;F1
High-yielding;0.63;0.5866666666666667;0.88;0.704
Not high-yielding;0.63;0.76;0.38;0.5066666666666667
Macro-Average;0.63;0.6733333333333333;0.63;0.6053333333333333
Micro-Average;0.63;0.63;0.63;0.63
