R^2;MAE;MSE;RMSE
-0.8280559297763512;26.9369;1080.215841;32.866637202488484
