Class;Accuracy;Precision;Recall;F1
High-yielding;0.52;0.5192307692307693;0.54;0.5294117647058824
Not high-yielding;0.53;0.5319148936170213;0.5;0.5154639175257731
Macro-Average;0.52;0.5255728314238952;0.52;0.5224378411158277
Micro-Average;0.525;0.5252525252525253;0.52;0.5226130653266332
