Class;Accuracy;Precision;Recall;F1
High-yielding;0.56;0.6363636363636364;0.28;0.3888888888888889
Not high-yielding;0.56;0.5384615384615384;0.84;0.65625
Macro-Average;0.56;0.5874125874125874;0.56;0.5225694444444444
Micro-Average;0.56;0.56;0.56;0.56
