Class;Accuracy;Precision;Recall;F1
High-yielding;0.57;0.5813953488372093;0.5;0.5376344086021505
Not high-yielding;0.57;0.5614035087719298;0.64;0.5981308411214953
Macro-Average;0.57;0.5713994288045696;0.5700000000000001;0.567882624861823
Micro-Average;0.57;0.57;0.57;0.57
