R^2;MAE;MSE;RMSE
-0.2615618344032533;2.29;8.47;2.91032644217105
