Class;Accuracy;Precision;Recall;F1
High-yielding;0.08;0.09615384615384616;0.1;0.09803921568627451
Not high-yielding;0.08;0.0625;0.06;0.061224489795918366
Macro-Average;0.08;0.07932692307692307;0.08;0.07963185274109644
Micro-Average;0.08;0.08;0.08;0.08
