Class;Accuracy;Precision;Recall;F1
Under 40% yielding;0.93;1.0;0.4166666666666667;0.5882352941176471
40 to 60% yielding;0.72;0.2;0.09090909090909091;0.125
60 to 75% yielding;0.47;0.0;0.0;0.0
75 to 88% yielding;0.65;0.10714285714285714;0.23076923076923078;0.14634146341463414
88 to 100% yielding;0.69;1.0;0.0;0.0
Macro-Average;0.1;0.4614285714285714;0.1476689976689977;0.17191535150645626
Micro-Average;0.692;0.13513513513513514;0.1;0.11494252873563218
