Class;Accuracy;Precision;Recall;F1
High-yielding;0.97;1.0;0.94;0.9690721649484536
Not high-yielding;0.98;0.9615384615384616;1.0;0.9803921568627451
Macro-Average;0.97;0.9807692307692308;0.97;0.9747321609055993
Micro-Average;0.975;0.9797979797979798;0.97;0.9748743718592965
