Class;Accuracy;Precision;Recall;F1
High-yielding;0.54;0.8333333333333334;0.1;0.17857142857142858
Not high-yielding;0.54;0.5212765957446809;0.98;0.6805555555555556
Macro-Average;0.54;0.6773049645390071;0.54;0.4295634920634921
Micro-Average;0.54;0.54;0.54;0.54
