Class;Accuracy;Precision;Recall;F1
High-yielding;0.6;0.5892857142857143;0.66;0.6226415094339622
Not high-yielding;0.6;0.6136363636363636;0.54;0.574468085106383
Macro-Average;0.6;0.601461038961039;0.6000000000000001;0.5985547972701726
Micro-Average;0.6;0.6;0.6;0.6
