Class;Accuracy;Precision;Recall;F1
High-yielding;0.56;0.5625;0.54;0.5510204081632653
Not high-yielding;0.56;0.5576923076923077;0.58;0.5686274509803921
Macro-Average;0.56;0.5600961538461539;0.56;0.5598239295718287
Micro-Average;0.56;0.56;0.56;0.56
