Class;Accuracy;Precision;Recall;F1
High-yielding;0.55;0.5862068965517241;0.34;0.43037974683544306
Not high-yielding;0.55;0.5352112676056338;0.76;0.628099173553719
Macro-Average;0.55;0.5607090820786789;0.55;0.529239460194581
Micro-Average;0.55;0.55;0.55;0.55
