Class;Accuracy;Precision;Recall;F1
High-yielding;0.45;0.0;0.0;0.0
Not high-yielding;0.44;0.46808510638297873;0.88;0.6111111111111112
Macro-Average;0.44;0.23404255319148937;0.44;0.3055555555555556
Micro-Average;0.445;0.4444444444444444;0.44;0.44221105527638194
