Class;Accuracy;Precision;Recall;F1
High-yielding;0.56;0.5714285714285714;0.48;0.5217391304347826
Not high-yielding;0.56;0.5517241379310345;0.64;0.5925925925925926
Macro-Average;0.56;0.5615763546798029;0.56;0.5571658615136876
Micro-Average;0.56;0.56;0.56;0.56
