Class;Accuracy;Precision;Recall;F1
High-yielding;0.5;0.5;0.7;0.5833333333333334
Not high-yielding;0.51;0.5172413793103449;0.3;0.379746835443038
Macro-Average;0.5;0.5086206896551724;0.5;0.4815400843881857
Micro-Average;0.505;0.5050505050505051;0.5;0.5025125628140703
