Class;Accuracy;Precision;Recall;F1
High-yielding;0.71;1.0;0.42;0.5915492957746479
Not high-yielding;0.79;0.7301587301587301;0.92;0.8141592920353983
Macro-Average;0.67;0.8650793650793651;0.67;0.7028542939050231
Micro-Average;0.75;0.7976190476190477;0.67;0.7282608695652174
