Class;Accuracy;Precision;Recall;F1
High-yielding;0.45;0.0;0.0;0.0
Not high-yielding;0.45;0.47368421052631576;0.9;0.6206896551724138
Macro-Average;0.45;0.23684210526315788;0.45;0.3103448275862069
Micro-Average;0.45;0.45;0.45;0.45
