Class;Accuracy;Precision;Recall;F1
High-yielding;0.61;0.5679012345679012;0.92;0.7022900763358778
Not high-yielding;0.61;0.7894736842105263;0.3;0.43478260869565216
Macro-Average;0.61;0.6786874593892138;0.61;0.568536342515765
Micro-Average;0.61;0.61;0.61;0.61
