Class;Accuracy;Precision;Recall;F1
High-yielding;0.54;0.5238095238095238;0.88;0.6567164179104478
Not high-yielding;0.54;0.625;0.2;0.30303030303030304
Macro-Average;0.54;0.5744047619047619;0.54;0.47987336047037543
Micro-Average;0.54;0.54;0.54;0.54
