Class;Accuracy;Precision;Recall;F1
High-yielding;0.62;0.5789473684210527;0.88;0.6984126984126984
Not high-yielding;0.62;0.75;0.36;0.4864864864864865
Macro-Average;0.62;0.6644736842105263;0.62;0.5924495924495925
Micro-Average;0.62;0.62;0.62;0.62
