Class;Accuracy;Precision;Recall;F1
High-yielding;0.26;0.18421052631578946;0.14;0.1590909090909091
Not high-yielding;0.26;0.3064516129032258;0.38;0.3392857142857143
Macro-Average;0.26;0.24533106960950762;0.26;0.24918831168831168
Micro-Average;0.26;0.26;0.26;0.26
