Class;Accuracy;Precision;Recall;F1
High-yielding;0.01;0.0;0.0;0.0
Not high-yielding;0.01;0.0196078431372549;0.02;0.019801980198019802
Macro-Average;0.01;0.00980392156862745;0.01;0.009900990099009901
Micro-Average;0.01;0.01;0.01;0.01
