Class;Accuracy;Precision;Recall;F1
High-yielding;0.54;0.5344827586206896;0.62;0.5740740740740741
Not high-yielding;0.55;0.5609756097560976;0.46;0.5054945054945055
Macro-Average;0.54;0.5477291841883936;0.54;0.5397842897842897
Micro-Average;0.545;0.5454545454545454;0.54;0.542713567839196
