Class;Accuracy;Precision;Recall;F1
High-yielding;0.59;0.5882352941176471;0.6;0.594059405940594
Not high-yielding;0.59;0.5918367346938775;0.58;0.5858585858585859
Macro-Average;0.59;0.5900360144057624;0.59;0.5899589958995899
Micro-Average;0.59;0.59;0.59;0.59
