Class;Accuracy;Precision;Recall;F1
High-yielding;0.56;0.5535714285714286;0.62;0.5849056603773585
Not high-yielding;0.56;0.5681818181818182;0.5;0.5319148936170213
Macro-Average;0.56;0.5608766233766234;0.56;0.5584102769971899
Micro-Average;0.56;0.56;0.56;0.56
