Class;Accuracy;Precision;Recall;F1
High-yielding;0.57;0.5945945945945946;0.44;0.5057471264367817
Not high-yielding;0.57;0.5555555555555556;0.7;0.6194690265486725
Macro-Average;0.57;0.575075075075075;0.57;0.562608076492727
Micro-Average;0.57;0.57;0.57;0.57
